0,0.0,0.0,0.20353982300884957,-0.07374631268436578,0.34513274336283184,-0.22713864306784662,0.415929203539823,-0.36283185840707965,0.49557522123893805,-0.4424778761061947,0.22123893805309736,-0.5073746312684366,0.25958702064896755,-0.7020648967551623,0.2743362831858407,-0.8230088495575221,0.2861356932153392,-0.9262536873156342,0.0943952802359882,-0.5250737463126843,0.10324483775811209,-0.7492625368731564,0.10914454277286136,-0.887905604719764,0.11504424778761062,-1.0,-0.02064896755162242,-0.4837758112094395,-0.029498525073746312,-0.6991150442477876,-0.032448377581120944,-0.8407079646017699,-0.029498525073746312,-0.967551622418879,-0.12684365781710916,-0.3952802359882006,-0.17699115044247787,-0.5162241887905604,-0.20648967551622419,-0.6076696165191741,-0.22123893805309736,-0.6991150442477876
0,0.0,0.0,0.20771513353115728,-0.0712166172106825,0.3620178041543027,-0.20771513353115728,0.4332344213649852,-0.34124629080118696,0.5014836795252225,-0.43026706231454004,0.2433234421364985,-0.49851632047477745,0.29080118694362017,-0.6973293768545994,0.314540059347181,-0.8160237388724035,0.3293768545994065,-0.9198813056379822,0.11572700296735905,-0.5252225519287834,0.13353115727002968,-0.7507418397626113,0.142433234421365,-0.887240356083086,0.1543026706231454,-1.0,-0.005934718100890208,-0.49554896142433236,-0.008902077151335312,-0.712166172106825,-0.01483679525222552,-0.8486646884272997,-0.008902077151335312,-0.973293768545994,-0.12166172106824925,-0.4094955489614243,-0.17507418397626112,-0.5370919881305638,-0.19881305637982197,-0.629080118694362,-0.21068249258160238,-0.7181008902077152
0,0.0,0.0,0.20512820512820512,-0.06552706552706553,0.35327635327635326,-0.19658119658119658,0.4188034188034188,-0.3247863247863248,0.5071225071225072,-0.39886039886039887,0.23931623931623933,-0.4843304843304843,0.2934472934472934,-0.6780626780626781,0.3190883190883191,-0.7948717948717948,0.3333333333333333,-0.8945868945868946,0.10541310541310542,-0.5156695156695157,0.1282051282051282,-0.7464387464387464,0.1396011396011396,-0.8831908831908832,0.14814814814814814,-1.0,-0.017094017094017096,-0.4843304843304843,-0.02849002849002849,-0.7094017094017094,-0.03418803418803419,-0.8490028490028491,-0.03133903133903134,-0.9743589743589743,-0.13675213675213677,-0.39886039886039887,-0.19373219373219372,-0.5327635327635327,-0.22507122507122507,-0.6239316239316239,-0.24216524216524216,-0.7150997150997151
0,0.0,0.0,0.1978021978021978,-0.07417582417582418,0.34065934065934067,-0.2032967032967033,0.4065934065934066,-0.33791208791208793,0.4835164835164835,-0.4230769230769231,0.23626373626373626,-0.49725274725274726,0.28296703296703296,-0.6923076923076923,0.29945054945054944,-0.8131868131868132,0.31868131868131866,-0.9175824175824175,0.1043956043956044,-0.5302197802197802,0.11813186813186813,-0.7554945054945055,0.12637362637362637,-0.8901098901098901,0.13736263736263737,-1.0,-0.019230769230769232,-0.5027472527472527,-0.027472527472527472,-0.7115384615384616,-0.038461538461538464,-0.8434065934065934,-0.03571428571428571,-0.9615384615384616,-0.13736263736263737,-0.42032967032967034,-0.19230769230769232,-0.5467032967032966,-0.22252747252747251,-0.6346153846153846,-0.2445054945054945,-0.7197802197802198
0,0.0,0.0,0.20540540540540542,-0.07567567567567568,0.34594594594594597,-0.21891891891891893,0.4,-0.37027027027027026,0.4810810810810811,-0.44594594594594594,0.22702702702702704,-0.5081081081081081,0.2702702702702703,-0.7,0.2864864864864865,-0.8216216216216217,0.3027027027027027,-0.9243243243243243,0.0945945945945946,-0.5351351351351351,0.0972972972972973,-0.7567567567567568,0.0972972972972973,-0.8918918918918919,0.1,-1.0,-0.024324324324324326,-0.5027027027027027,-0.04054054054054054,-0.7081081081081081,-0.05405405405405406,-0.8378378378378378,-0.05675675675675676,-0.9540540540540541,-0.13783783783783785,-0.4189189189189189,-0.2,-0.5405405405405406,-0.23783783783783785,-0.6270270270270271,-0.2648648648648649,-0.7135135135135136
0,0.0,0.0,0.20159151193633953,-0.07957559681697612,0.33421750663129973,-0.22546419098143236,0.3793103448275862,-0.3740053050397878,0.4535809018567639,-0.4562334217506631,0.20689655172413793,-0.5092838196286472,0.246684350132626,-0.7002652519893899,0.259946949602122,-0.8196286472148541,0.27055702917771884,-0.9257294429708223,0.07692307692307693,-0.53315649867374,0.07161803713527852,-0.7559681697612732,0.06631299734748011,-0.8938992042440318,0.06631299734748011,-1.0,-0.042440318302387266,-0.4960212201591512,-0.06896551724137931,-0.7055702917771883,-0.08753315649867374,-0.843501326259947,-0.09549071618037135,-0.9628647214854111,-0.15384615384615385,-0.41114058355437666,-0.21750663129973474,-0.5251989389920424,-0.2546419098143236,-0.6127320954907162,-0.28116710875331563,-0.7002652519893899
0,0.0,0.0,0.1889763779527559,-0.08398950131233596,0.30708661417322836,-0.2204724409448819,0.3464566929133858,-0.3569553805774278,0.4225721784776903,-0.44881889763779526,0.18110236220472442,-0.5039370078740157,0.2152230971128609,-0.6902887139107612,0.2230971128608924,-0.8083989501312336,0.2283464566929134,-0.910761154855643,0.049868766404199474,-0.5275590551181102,0.03937007874015748,-0.7454068241469817,0.031496062992125984,-0.884514435695538,0.028871391076115485,-1.0,-0.06824146981627296,-0.48556430446194226,-0.09973753280839895,-0.6955380577427821,-0.12335958005249344,-0.8320209973753281,-0.13385826771653545,-0.952755905511811,-0.1732283464566929,-0.3937007874015748,-0.2388451443569554,-0.5091863517060368,-0.2782152230971129,-0.5931758530183727,-0.30708661417322836,-0.6771653543307087
0,0.0,0.0,0.19137466307277629,-0.0862533692722372,0.32345013477088946,-0.215633423180593,0.3638814016172507,-0.353099730458221,0.4393530997304582,-0.444743935309973,0.1778975741239892,-0.5013477088948787,0.20485175202156333,-0.6981132075471698,0.21293800539083557,-0.8140161725067385,0.2210242587601078,-0.9164420485175202,0.05121293800539083,-0.522911051212938,0.03504043126684636,-0.7439353099730458,0.026954177897574125,-0.8840970350404312,0.0215633423180593,-1.0,-0.06199460916442048,-0.4797843665768194,-0.10242587601078167,-0.6900269541778976,-0.1293800539083558,-0.8221024258760108,-0.14555256064690028,-0.9407008086253369,-0.16172506738544473,-0.38544474393531,-0.2371967654986523,-0.49865229110512127,-0.2830188679245283,-0.5795148247978437,-0.31536388140161725,-0.6576819407008087
0,0.0,0.0,0.19722222222222222,-0.08055555555555556,0.3333333333333333,-0.2222222222222222,0.39166666666666666,-0.3527777777777778,0.4666666666666667,-0.4361111111111111,0.19166666666666668,-0.5083333333333333,0.225,-0.7027777777777777,0.2388888888888889,-0.8194444444444444,0.25277777777777777,-0.9194444444444444,0.06111111111111111,-0.525,0.05555555555555555,-0.7472222222222222,0.05277777777777778,-0.8861111111111111,0.05,-1.0,-0.05555555555555555,-0.48333333333333334,-0.08333333333333333,-0.6944444444444444,-0.10277777777777777,-0.8305555555555556,-0.10833333333333334,-0.9472222222222222,-0.16111111111111112,-0.39166666666666666,-0.22777777777777777,-0.5055555555555555,-0.26666666666666666,-0.5888888888888889,-0.28888888888888886,-0.6694444444444444
0,0.0,0.0,0.19327731092436976,-0.0784313725490196,0.3333333333333333,-0.2184873949579832,0.4005602240896359,-0.35014005602240894,0.4789915966386555,-0.4369747899159664,0.19327731092436976,-0.5014005602240896,0.22969187675070027,-0.6946778711484594,0.24649859943977592,-0.8123249299719888,0.2549019607843137,-0.9131652661064426,0.06722689075630252,-0.5238095238095238,0.07563025210084033,-0.7450980392156863,0.0784313725490196,-0.8851540616246498,0.08123249299719888,-1.0,-0.047619047619047616,-0.48179271708683474,-0.06722689075630252,-0.6974789915966386,-0.0784313725490196,-0.834733893557423,-0.08123249299719888,-0.957983193277311,-0.15126050420168066,-0.39215686274509803,-0.21288515406162464,-0.5098039215686274,-0.24649859943977592,-0.5966386554621849,-0.2689075630252101,-0.6834733893557423
0,0.0,0.0,0.19263456090651557,-0.0821529745042493,0.3314447592067989,-0.21813031161473087,0.40226628895184136,-0.34560906515580736,0.47875354107648727,-0.43909348441926344,0.19830028328611898,-0.5014164305949008,0.23796033994334279,-0.6968838526912181,0.2521246458923513,-0.8158640226628895,0.2577903682719547,-0.9178470254957507,0.0708215297450425,-0.5212464589235127,0.0764872521246459,-0.7450424929178471,0.0764872521246459,-0.886685552407932,0.0764872521246459,-1.0,-0.042492917847025496,-0.48441926345609065,-0.06515580736543909,-0.6997167138810199,-0.0764872521246459,-0.8356940509915014,-0.0764872521246459,-0.9575070821529745,-0.14730878186968838,-0.39660056657223797,-0.2096317280453258,-0.5127478753541076,-0.24079320113314448,-0.6005665722379604,-0.26062322946175637,-0.6855524079320113
0,0.0,0.0,0.19830028328611898,-0.07365439093484419,0.33994334277620397,-0.21246458923512748,0.40793201133144474,-0.34277620396600567,0.4985835694050991,-0.42776203966005666,0.20113314447592068,-0.49575070821529743,0.24645892351274787,-0.6798866855524079,0.26628895184135976,-0.7932011331444759,0.28328611898017,-0.8923512747875354,0.0821529745042493,-0.5155807365439093,0.10198300283286119,-0.7393767705382436,0.11331444759206799,-0.8781869688385269,0.12181303116147309,-1.0,-0.025495750708215296,-0.47875354107648727,-0.039660056657223795,-0.6912181303116147,-0.042492917847025496,-0.830028328611898,-0.036827195467422094,-0.9546742209631728,-0.1274787535410765,-0.3909348441926346,-0.1813031161473088,-0.5155807365439093,-0.2096317280453258,-0.6062322946175638,-0.22662889518413598,-0.6997167138810199
0,0.0,0.0,0.1864406779661017,-0.07909604519774012,0.3248587570621469,-0.211864406779661,0.3898305084745763,-0.3333333333333333,0.480225988700565,-0.4180790960451977,0.1864406779661017,-0.4943502824858757,0.23163841807909605,-0.6864406779661016,0.2514124293785311,-0.8022598870056498,0.2655367231638418,-0.9067796610169492,0.07062146892655367,-0.5141242937853108,0.0903954802259887,-0.7372881355932204,0.10451977401129943,-0.8813559322033898,0.11299435028248588,-1.0,-0.03672316384180791,-0.4717514124293785,-0.05367231638418079,-0.6864406779661016,-0.05367231638418079,-0.8220338983050848,-0.0480225988700565,-0.9491525423728814,-0.13559322033898305,-0.3813559322033898,-0.192090395480226,-0.5084745762711864,-0.2175141242937853,-0.5988700564971752,-0.2344632768361582,-0.692090395480226
0,0.0,0.0,0.19197707736389685,-0.07163323782234957,0.32951289398280803,-0.20630372492836677,0.3982808022922636,-0.332378223495702,0.4813753581661891,-0.4269340974212034,0.1977077363896848,-0.501432664756447,0.24355300859598855,-0.6934097421203438,0.2636103151862464,-0.8080229226361032,0.2808022922636103,-0.9111747851002865,0.08022922636103152,-0.5157593123209169,0.10315186246418338,-0.7392550143266475,0.1174785100286533,-0.8796561604584527,0.12607449856733524,-1.0,-0.025787965616045846,-0.47564469914040114,-0.034383954154727794,-0.6905444126074498,-0.034383954154727794,-0.828080229226361,-0.02865329512893983,-0.9570200573065902,-0.12893982808022922,-0.3839541547277937,-0.17478510028653296,-0.5100286532951289,-0.20057306590257878,-0.6045845272206304,-0.2148997134670487,-0.6991404011461319
0,0.0,0.0,0.1903409090909091,-0.07102272727272728,0.3210227272727273,-0.20738636363636365,0.38920454545454547,-0.32954545454545453,0.46875,-0.4090909090909091,0.20454545454545456,-0.5,0.2528409090909091,-0.6846590909090909,0.2784090909090909,-0.8011363636363636,0.29829545454545453,-0.9034090909090909,0.09090909090909091,-0.5170454545454546,0.11079545454545454,-0.7357954545454546,0.1278409090909091,-0.8778409090909091,0.13920454545454544,-1.0,-0.011363636363636364,-0.4744318181818182,-0.022727272727272728,-0.6875,-0.017045454545454544,-0.8210227272727273,-0.005681818181818182,-0.9460227272727273,-0.11079545454545454,-0.38636363636363635,-0.15625,-0.5142045454545454,-0.17045454545454544,-0.6079545454545454,-0.17897727272727273,-0.7017045454545454
0,0.0,0.0,0.1908831908831909,-0.07692307692307693,0.3247863247863248,-0.21937321937321938,0.39886039886039887,-0.33903133903133903,0.47863247863247865,-0.41025641025641024,0.19943019943019943,-0.5014245014245015,0.245014245014245,-0.6951566951566952,0.27350427350427353,-0.811965811965812,0.2962962962962963,-0.9173789173789174,0.08831908831908832,-0.5128205128205128,0.1111111111111111,-0.7378917378917379,0.13105413105413105,-0.8803418803418803,0.14814814814814814,-1.0,-0.014245014245014245,-0.4700854700854701,-0.011396011396011397,-0.6923076923076923,-0.005698005698005698,-0.8347578347578347,0.008547008547008548,-0.9629629629629629,-0.11396011396011396,-0.3817663817663818,-0.1452991452991453,-0.5128205128205128,-0.15954415954415954,-0.6096866096866097,-0.16524216524216523,-0.7065527065527065
0,0.0,0.0,0.18156424581005587,-0.0782122905027933,0.31564245810055863,-0.21787709497206703,0.3994413407821229,-0.3407821229050279,0.4720670391061452,-0.41620111731843573,0.2011173184357542,-0.5,0.24860335195530725,-0.6871508379888268,0.2737430167597765,-0.8016759776536313,0.29329608938547486,-0.8994413407821229,0.09217877094972067,-0.5167597765363129,0.11731843575418995,-0.7374301675977654,0.13966480446927373,-0.8798882681564246,0.15921787709497207,-1.0,-0.008379888268156424,-0.4776536312849162,-0.0111731843575419,-0.6927374301675978,0.002793296089385475,-0.8240223463687151,0.019553072625698324,-0.9441340782122905,-0.10335195530726257,-0.39106145251396646,-0.13966480446927373,-0.5139664804469274,-0.15083798882681565,-0.6089385474860335,-0.1564245810055866,-0.7011173184357542
0,0.0,0.0,0.19047619047619047,-0.07282913165266107,0.33613445378151263,-0.20168067226890757,0.42016806722689076,-0.3165266106442577,0.4789915966386555,-0.4061624649859944,0.21568627450980393,-0.4957983193277311,0.2605042016806723,-0.6862745098039216,0.28851540616246496,-0.7983193277310925,0.3137254901960784,-0.8935574229691877,0.1092436974789916,-0.5126050420168067,0.13165266106442577,-0.7366946778711485,0.15406162464985995,-0.8823529411764706,0.17366946778711484,-1.0,0.0056022408963585435,-0.47058823529411764,0.0056022408963585435,-0.6918767507002801,0.01680672268907563,-0.8291316526610645,0.03361344537815126,-0.9551820728291317,-0.09243697478991597,-0.3865546218487395,-0.12044817927170869,-0.5182072829131653,-0.12885154061624648,-0.6134453781512605,-0.13165266106442577,-0.7058823529411765
0,0.0,0.0,0.1951219512195122,-0.06775067750677506,0.3252032520325203,-0.22493224932249323,0.4092140921409214,-0.33875338753387535,0.4959349593495935,-0.4037940379403794,0.21951219512195122,-0.4986449864498645,0.26558265582655827,-0.6802168021680217,0.2981029810298103,-0.7967479674796748,0.32791327913279134,-0.8970189701897019,0.1111111111111111,-0.5149051490514905,0.13550135501355012,-0.7317073170731707,0.16260162601626016,-0.8780487804878049,0.18699186991869918,-1.0,0.01084010840108401,-0.4742547425474255,0.0027100271002710027,-0.6910569105691057,0.016260162601626018,-0.8292682926829268,0.037940379403794036,-0.9539295392953929,-0.08130081300813008,-0.3902439024390244,-0.12195121951219512,-0.5311653116531165,-0.12737127371273713,-0.6341463414634146,-0.11653116531165311,-0.7344173441734417
0,0.0,0.0,0.20053475935828877,-0.06684491978609626,0.3315508021390374,-0.2192513368983957,0.4117647058823529,-0.3342245989304813,0.4919786096256685,-0.40641711229946526,0.232620320855615,-0.49732620320855614,0.25935828877005346,-0.6898395721925134,0.2807486631016043,-0.8048128342245989,0.3048128342245989,-0.9064171122994652,0.12299465240641712,-0.5133689839572193,0.13101604278074866,-0.7352941176470589,0.15240641711229946,-0.8796791443850267,0.17379679144385027,-1.0,0.01871657754010695,-0.47058823529411764,0.0106951871657754,-0.6898395721925134,0.01871657754010695,-0.8262032085561497,0.034759358288770054,-0.9545454545454546,-0.07754010695187166,-0.37967914438502676,-0.12299465240641712,-0.5,-0.14171122994652408,-0.5909090909090909,-0.15240641711229946,-0.6844919786096256
0,0.0,0.0,0.2020997375328084,-0.06824146981627296,0.32808398950131235,-0.22572178477690288,0.4094488188976378,-0.3438320209973753,0.49606299212598426,-0.4041994750656168,0.2152230971128609,-0.49868766404199477,0.2572178477690289,-0.6876640419947506,0.28346456692913385,-0.8031496062992126,0.30971128608923887,-0.9081364829396326,0.11023622047244094,-0.5091863517060368,0.12598425196850394,-0.7322834645669292,0.15223097112860892,-0.8766404199475065,0.1784776902887139,-1.0,0.010498687664041995,-0.45931758530183725,0.005249343832020997,-0.6797900262467191,0.015748031496062992,-0.8188976377952756,0.03412073490813648,-0.94750656167979,-0.07874015748031496,-0.35958005249343833,-0.12073490813648294,-0.48293963254593175,-0.14173228346456693,-0.5774278215223098,-0.15748031496062992,-0.6771653543307087
0,0.0,0.0,0.2094240837696335,-0.06544502617801047,0.34554973821989526,-0.2198952879581152,0.43455497382198954,-0.33507853403141363,0.5287958115183246,-0.39790575916230364,0.23298429319371727,-0.4973821989528796,0.28272251308900526,-0.6858638743455497,0.31675392670157065,-0.806282722513089,0.3507853403141361,-0.9109947643979057,0.12827225130890052,-0.5026178010471204,0.14659685863874344,-0.7277486910994765,0.17015706806282724,-0.8743455497382199,0.19109947643979058,-1.0,0.028795811518324606,-0.4476439790575916,0.02356020942408377,-0.6675392670157068,0.03664921465968586,-0.8089005235602095,0.049738219895287955,-0.9424083769633508,-0.06282722513089005,-0.3481675392670157,-0.10209424083769633,-0.4712041884816754,-0.112565445026178,-0.5680628272251309,-0.11518324607329843,-0.6701570680628273
0,0.0,0.0,0.21635883905013192,-0.06068601583113457,0.3562005277044855,-0.21372031662269128,0.45382585751978893,-0.32717678100263853,0.5488126649076517,-0.38522427440633245,0.25857519788918204,-0.49604221635883905,0.31398416886543534,-0.6860158311345647,0.35092348284960423,-0.8073878627968337,0.38786279683377306,-0.9102902374670184,0.15567282321899736,-0.5065963060686016,0.18469656992084432,-0.7335092348284961,0.21372031662269128,-0.8759894459102903,0.24538258575197888,-1.0,0.05804749340369393,-0.45382585751978893,0.06068601583113457,-0.6754617414248021,0.079155672823219,-0.8126649076517151,0.10290237467018469,-0.941952506596306,-0.03430079155672823,-0.35356200527704484,-0.0712401055408971,-0.48284960422163586,-0.07651715039577836,-0.5778364116094987,-0.06860158311345646,-0.6754617414248021
0,0.0,0.0,0.21978021978021978,-0.06043956043956044,0.37362637362637363,-0.21428571428571427,0.4807692307692308,-0.32967032967032966,0.5741758241758241,-0.38186813186813184,0.29395604395604397,-0.489010989010989,0.35714285714285715,-0.6840659340659341,0.3956043956043956,-0.804945054945055,0.4340659340659341,-0.9093406593406593,0.19230769230769232,-0.49725274725274726,0.22802197802197802,-0.728021978021978,0.26373626373626374,-0.8736263736263736,0.29945054945054944,-1.0,0.09065934065934066,-0.4423076923076923,0.0989010989010989,-0.6675824175824175,0.12362637362637363,-0.8104395604395604,0.1565934065934066,-0.9423076923076923,-0.013736263736263736,-0.34065934065934067,-0.04120879120879121,-0.4725274725274725,-0.04120879120879121,-0.5686813186813187,-0.03021978021978022,-0.6648351648351648
0,0.0,0.0,0.23323615160349853,-0.0641399416909621,0.3935860058309038,-0.21574344023323616,0.5160349854227405,-0.3206997084548105,0.6268221574344023,-0.36443148688046645,0.32653061224489793,-0.4956268221574344,0.3965014577259475,-0.6938775510204082,0.44314868804664725,-0.8104956268221575,0.49271137026239065,-0.9183673469387755,0.22157434402332363,-0.49854227405247814,0.27113702623906705,-0.7317784256559767,0.31486880466472306,-0.8717201166180758,0.36151603498542273,-1.0,0.11370262390670553,-0.43731778425655976,0.13411078717201166,-0.6676384839650146,0.17201166180758018,-0.8134110787172012,0.21282798833819241,-0.9504373177842566,0.0,-0.3323615160349854,-0.02040816326530612,-0.47230320699708456,-0.011661807580174927,-0.5685131195335277,0.008746355685131196,-0.6676384839650146
0,0.0,0.0,0.24695121951219512,-0.054878048780487805,0.4115853658536585,-0.20121951219512196,0.5335365853658537,-0.3048780487804878,0.649390243902439,-0.3475609756097561,0.3567073170731707,-0.49085365853658536,0.4329268292682927,-0.6890243902439024,0.4878048780487805,-0.8109756097560976,0.5426829268292683,-0.9207317073170732,0.25,-0.49390243902439024,0.3079268292682927,-0.725609756097561,0.3597560975609756,-0.8689024390243902,0.4146341463414634,-1.0,0.13414634146341464,-0.4329268292682927,0.16463414634146342,-0.6646341463414634,0.21036585365853658,-0.8048780487804879,0.2621951219512195,-0.9390243902439024,0.018292682926829267,-0.32621951219512196,0.0,-0.46646341463414637,0.012195121951219513,-0.5609756097560976,0.036585365853658534,-0.6646341463414634
0,0.0,0.0,0.2267080745341615,-0.062111801242236024,0.38819875776397517,-0.20496894409937888,0.5,-0.30745341614906835,0.6086956521739131,-0.35714285714285715,0.32298136645962733,-0.48757763975155277,0.40062111801242234,-0.6863354037267081,0.45652173913043476,-0.8043478260869565,0.5093167701863354,-0.906832298136646,0.2111801242236025,-0.5031055900621118,0.2639751552795031,-0.7360248447204969,0.3136645962732919,-0.8757763975155279,0.36645962732919257,-1.0,0.09627329192546584,-0.453416149068323,0.11490683229813664,-0.6801242236024845,0.14596273291925466,-0.8229813664596274,0.18633540372670807,-0.953416149068323,-0.021739130434782608,-0.35403726708074534,-0.049689440993788817,-0.4906832298136646,-0.046583850931677016,-0.5869565217391305,-0.031055900621118012,-0.6863354037267081
0,0.0,0.0,0.22981366459627328,-0.06832298136645963,0.38509316770186336,-0.2111801242236025,0.48757763975155277,-0.3167701863354037,0.5962732919254659,-0.37267080745341613,0.3136645962732919,-0.4937888198757764,0.391304347826087,-0.6863354037267081,0.43478260869565216,-0.8043478260869565,0.4813664596273292,-0.906832298136646,0.1956521739130435,-0.5093167701863354,0.2422360248447205,-0.7391304347826086,0.2826086956521739,-0.8788819875776398,0.32298136645962733,-1.0,0.07142857142857142,-0.46273291925465837,0.08695652173913043,-0.6832298136645962,0.11180124223602485,-0.8198757763975155,0.14596273291925466,-0.9472049689440993,-0.049689440993788817,-0.36645962732919257,-0.08074534161490683,-0.5031055900621118,-0.08385093167701864,-0.5993788819875776,-0.07453416149068323,-0.6987577639751553
0,0.0,0.0,0.21739130434782608,-0.07142857142857142,0.36335403726708076,-0.2080745341614907,0.45962732919254656,-0.3198757763975155,0.5683229813664596,-0.38198757763975155,0.2795031055900621,-0.4906832298136646,0.34782608695652173,-0.6863354037267081,0.38198757763975155,-0.8105590062111802,0.41304347826086957,-0.9192546583850931,0.15527950310559005,-0.5093167701863354,0.19254658385093168,-0.7391304347826086,0.2236024844720497,-0.8788819875776398,0.2577639751552795,-1.0,0.027950310559006212,-0.45652173913043476,0.037267080745341616,-0.6832298136645962,0.052795031055900624,-0.8260869565217391,0.07763975155279502,-0.953416149068323,-0.09627329192546584,-0.35403726708074534,-0.13354037267080746,-0.4782608695652174,-0.13975155279503104,-0.5745341614906833,-0.13354037267080746,-0.6708074534161491
0,0.0,0.0,0.20795107033639143,-0.0672782874617737,0.36085626911314983,-0.19571865443425077,0.4525993883792049,-0.3149847094801223,0.5382262996941896,-0.40061162079510704,0.26605504587155965,-0.4892966360856269,0.3333333333333333,-0.6850152905198776,0.37003058103975534,-0.8042813455657493,0.39755351681957185,-0.9143730886850153,0.1345565749235474,-0.5107033639143731,0.16819571865443425,-0.7339449541284404,0.18960244648318042,-0.8746177370030581,0.20795107033639143,-1.0,0.0061162079510703364,-0.4648318042813456,0.0030581039755351682,-0.6758409785932722,0.009174311926605505,-0.8165137614678899,0.024464831804281346,-0.9480122324159022,-0.12232415902140673,-0.3669724770642202,-0.1743119266055046,-0.4923547400611621,-0.19571865443425077,-0.5840978593272171,-0.20795107033639143,-0.6758409785932722
0,0.0,0.0,0.2072072072072072,-0.07207207207207207,0.34534534534534533,-0.2042042042042042,0.4144144144144144,-0.3303303303303303,0.4924924924924925,-0.40540540540540543,0.24324324324324326,-0.4954954954954955,0.2912912912912913,-0.6936936936936937,0.3153153153153153,-0.8138138138138138,0.33633633633633636,-0.9279279279279279,0.10810810810810811,-0.5135135135135135,0.12612612612612611,-0.7327327327327328,0.13813813813813813,-0.8708708708708709,0.15015015015015015,-1.0,-0.021021021021021023,-0.46546546546546547,-0.042042042042042045,-0.6756756756756757,-0.05105105105105105,-0.8108108108108109,-0.042042042042042045,-0.93993993993994,-0.14414414414414414,-0.3663663663663664,-0.19519519519519518,-0.4894894894894895,-0.21621621621621623,-0.5735735735735735,-0.22522522522522523,-0.6576576576576577
0,0.0,0.0,0.21084337349397592,-0.07530120481927711,0.3463855421686747,-0.21084337349397592,0.40963855421686746,-0.3493975903614458,0.4819277108433735,-0.4066265060240964,0.23795180722891565,-0.4939759036144578,0.28313253012048195,-0.6927710843373494,0.30120481927710846,-0.8162650602409639,0.3102409638554217,-0.927710843373494,0.0963855421686747,-0.5120481927710844,0.0963855421686747,-0.7349397590361446,0.0963855421686747,-0.8734939759036144,0.0963855421686747,-1.0,-0.03313253012048193,-0.463855421686747,-0.06626506024096386,-0.677710843373494,-0.08734939759036145,-0.8102409638554217,-0.09337349397590361,-0.9367469879518072,-0.15060240963855423,-0.3644578313253012,-0.21987951807228914,-0.4759036144578313,-0.2560240963855422,-0.5512048192771084,-0.28313253012048195,-0.6295180722891566
0,0.0,0.0,0.1836734693877551,-0.08163265306122448,0.31486880466472306,-0.22157434402332363,0.36151603498542273,-0.36151603498542273,0.3935860058309038,-0.43731778425655976,0.17784256559766765,-0.5043731778425656,0.20408163265306123,-0.7026239067055393,0.2099125364431487,-0.8279883381924198,0.21282798833819241,-0.9358600583090378,0.037900874635568516,-0.5160349854227405,0.01749271137026239,-0.7405247813411079,0.0029154518950437317,-0.8833819241982507,-0.008746355685131196,-1.0,-0.08454810495626822,-0.46647230320699706,-0.13411078717201166,-0.6793002915451894,-0.1661807580174927,-0.8134110787172012,-0.1836734693877551,-0.9387755102040817,-0.19533527696793002,-0.36151603498542273,-0.26822157434402333,-0.47230320699708456,-0.3177842565597668,-0.5539358600583091,-0.3556851311953353,-0.6355685131195336
0,0.0,0.0,0.1853932584269663,-0.0898876404494382,0.3146067415730337,-0.22752808988764045,0.351123595505618,-0.36235955056179775,0.3792134831460674,-0.44662921348314605,0.16853932584269662,-0.5028089887640449,0.19101123595505617,-0.699438202247191,0.19382022471910113,-0.8230337078651685,0.19382022471910113,-0.9297752808988764,0.03089887640449438,-0.5140449438202247,0.0028089887640449437,-0.7415730337078652,-0.016853932584269662,-0.8820224719101124,-0.03089887640449438,-1.0,-0.08707865168539326,-0.46348314606741575,-0.14606741573033707,-0.6741573033707865,-0.1853932584269663,-0.8089887640449438,-0.20786516853932585,-0.9325842696629213,-0.19101123595505617,-0.3595505617977528,-0.2752808988764045,-0.4747191011235955,-0.32865168539325845,-0.5533707865168539,-0.3651685393258427,-0.6348314606741573
0,0.0,0.0,0.184,-0.096,0.30133333333333334,-0.24266666666666667,0.31733333333333336,-0.392,0.368,-0.49866666666666665,0.14933333333333335,-0.5146666666666667,0.17066666666666666,-0.7066666666666667,0.168,-0.8293333333333334,0.15733333333333333,-0.9333333333333333,0.010666666666666666,-0.5226666666666666,-0.021333333333333333,-0.7466666666666667,-0.04533333333333334,-0.8853333333333333,-0.06933333333333333,-1.0,-0.10666666666666667,-0.4693333333333333,-0.15733333333333333,-0.6773333333333333,-0.20266666666666666,-0.8106666666666666,-0.23466666666666666,-0.9333333333333333,-0.20533333333333334,-0.368,-0.2906666666666667,-0.48,-0.344,-0.5546666666666666,-0.38666666666666666,-0.632
0,0.0,0.0,0.18421052631578946,-0.1,0.3026315789473684,-0.23421052631578948,0.32894736842105265,-0.3763157894736842,0.38421052631578945,-0.48947368421052634,0.1394736842105263,-0.5131578947368421,0.15263157894736842,-0.7078947368421052,0.14736842105263157,-0.8315789473684211,0.14473684210526316,-0.9368421052631579,0.002631578947368421,-0.5236842105263158,-0.031578947368421054,-0.7394736842105263,-0.05526315789473684,-0.881578947368421,-0.07368421052631578,-1.0,-0.11052631578947368,-0.4763157894736842,-0.17105263157894737,-0.6789473684210526,-0.21578947368421053,-0.8105263157894737,-0.24210526315789474,-0.9263157894736842,-0.20789473684210527,-0.37894736842105264,-0.2894736842105263,-0.48157894736842105,-0.3394736842105263,-0.5605263157894737,-0.3763157894736842,-0.6368421052631579
0,0.0,0.0,0.1889763779527559,-0.08923884514435695,0.30446194225721784,-0.24146981627296588,0.3333333333333333,-0.3910761154855643,0.3910761154855643,-0.47506561679790027,0.13385826771653545,-0.5118110236220472,0.15223097112860892,-0.7060367454068242,0.15748031496062992,-0.8267716535433071,0.16010498687664043,-0.9291338582677166,0.0,-0.5223097112860893,-0.028871391076115485,-0.7427821522309711,-0.047244094488188976,-0.8818897637795275,-0.06036745406824147,-1.0,-0.11023622047244094,-0.47506561679790027,-0.16535433070866143,-0.6824146981627297,-0.1968503937007874,-0.8136482939632546,-0.2204724409448819,-0.931758530183727,-0.2020997375328084,-0.3779527559055118,-0.28083989501312334,-0.48556430446194226,-0.32545931758530183,-0.5616797900262467,-0.36220472440944884,-0.6377952755905512
0,0.0,0.0,0.18733509234828497,-0.08443271767810026,0.3113456464379947,-0.22691292875989447,0.3403693931398417,-0.37467018469656993,0.39841688654353563,-0.47757255936675463,0.15303430079155672,-0.5092348284960422,0.17150395778364116,-0.7044854881266491,0.17150395778364116,-0.8232189973614775,0.1741424802110818,-0.9261213720316622,0.023746701846965697,-0.5197889182058048,-0.002638522427440633,-0.741424802110818,-0.0158311345646438,-0.8839050131926122,-0.026385224274406333,-1.0,-0.0870712401055409,-0.47493403693931396,-0.1424802110817942,-0.6860158311345647,-0.16886543535620052,-0.8179419525065963,-0.18733509234828497,-0.9393139841688655,-0.1820580474934037,-0.37994722955145116,-0.2612137203166227,-0.49604221635883905,-0.3034300791556728,-0.5725593667546174,-0.33773087071240104,-0.6490765171503958
0,0.0,0.0,0.17724867724867724,-0.07936507936507936,0.29365079365079366,-0.20899470899470898,0.36507936507936506,-0.3253968253968254,0.4470899470899471,-0.3888888888888889,0.16137566137566137,-0.5026455026455027,0.19047619047619047,-0.701058201058201,0.21164021164021163,-0.8148148148148148,0.23015873015873015,-0.9206349206349206,0.042328042328042326,-0.5185185185185185,0.042328042328042326,-0.7407407407407407,0.047619047619047616,-0.8809523809523809,0.05291005291005291,-1.0,-0.06613756613756613,-0.47619047619047616,-0.09788359788359788,-0.6904761904761905,-0.1111111111111111,-0.8306878306878307,-0.1164021164021164,-0.955026455026455,-0.16666666666666666,-0.3835978835978836,-0.22486772486772486,-0.5132275132275133,-0.2566137566137566,-0.6031746031746031,-0.2777777777777778,-0.6878306878306878
0,0.0,0.0,0.1925133689839572,-0.07754010695187166,0.33689839572192515,-0.21122994652406418,0.4117647058823529,-0.3422459893048128,0.4786096256684492,-0.4385026737967914,0.20320855614973263,-0.4946524064171123,0.25668449197860965,-0.6871657754010695,0.27540106951871657,-0.8021390374331551,0.2887700534759358,-0.9010695187165776,0.07754010695187166,-0.516042780748663,0.08823529411764706,-0.7433155080213903,0.0962566844919786,-0.8823529411764706,0.10160427807486631,-1.0,-0.0374331550802139,-0.4786096256684492,-0.053475935828877004,-0.6925133689839572,-0.05614973262032086,-0.8315508021390374,-0.053475935828877004,-0.9572192513368984,-0.14171122994652408,-0.39037433155080214,-0.18716577540106952,-0.5106951871657754,-0.21122994652406418,-0.6042780748663101,-0.22459893048128343,-0.6925133689839572
0,0.0,0.0,0.19680851063829788,-0.06382978723404255,0.32180851063829785,-0.21010638297872342,0.39893617021276595,-0.3324468085106383,0.48138297872340424,-0.40425531914893614,0.22872340425531915,-0.5053191489361702,0.2632978723404255,-0.6941489361702128,0.28191489361702127,-0.8031914893617021,0.300531914893617,-0.898936170212766,0.09840425531914894,-0.526595744680851,0.10904255319148937,-0.7473404255319149,0.125,-0.8829787234042553,0.14361702127659576,-1.0,-0.018617021276595744,-0.4920212765957447,-0.0425531914893617,-0.7021276595744681,-0.03723404255319149,-0.8404255319148937,-0.02127659574468085,-0.9654255319148937,-0.13297872340425532,-0.4095744680851064,-0.18085106382978725,-0.5425531914893617,-0.18882978723404256,-0.6303191489361702,-0.18085106382978725,-0.7180851063829787
0,0.0,0.0,0.21164021164021163,-0.0582010582010582,0.3492063492063492,-0.20899470899470898,0.4312169312169312,-0.3306878306878307,0.5238095238095238,-0.3915343915343915,0.23809523809523808,-0.5,0.29365079365079366,-0.6878306878306878,0.3253968253968254,-0.798941798941799,0.35714285714285715,-0.8994708994708994,0.12962962962962962,-0.5185185185185185,0.16137566137566137,-0.7433862433862434,0.1931216931216931,-0.8809523809523809,0.2222222222222222,-1.0,0.026455026455026454,-0.47619047619047616,0.0291005291005291,-0.701058201058201,0.047619047619047616,-0.8386243386243386,0.06878306878306878,-0.9682539682539683,-0.07142857142857142,-0.3888888888888889,-0.10582010582010581,-0.5185185185185185,-0.1164021164021164,-0.6137566137566137,-0.12169312169312169,-0.7116402116402116
0,0.0,0.0,0.2198952879581152,-0.049738219895287955,0.3612565445026178,-0.19895287958115182,0.4476439790575916,-0.31675392670157065,0.5418848167539267,-0.3717277486910995,0.25654450261780104,-0.4869109947643979,0.3219895287958115,-0.675392670157068,0.36387434554973824,-0.7879581151832461,0.4031413612565445,-0.8848167539267016,0.15706806282722513,-0.5078534031413613,0.19633507853403143,-0.7356020942408377,0.23298429319371727,-0.8769633507853403,0.2643979057591623,-1.0,0.05759162303664921,-0.4712041884816754,0.07068062827225131,-0.693717277486911,0.08900523560209424,-0.8298429319371727,0.1099476439790576,-0.9607329842931938,-0.03926701570680628,-0.387434554973822,-0.06806282722513089,-0.5157068062827225,-0.07068062827225131,-0.612565445026178,-0.07068062827225131,-0.7120418848167539
0,0.0,0.0,0.22133333333333333,-0.042666666666666665,0.376,-0.192,0.4693333333333333,-0.304,0.5626666666666666,-0.3546666666666667,0.2853333333333333,-0.4826666666666667,0.36,-0.6746666666666666,0.408,-0.7893333333333333,0.45066666666666666,-0.8853333333333333,0.18666666666666668,-0.5066666666666667,0.24266666666666667,-0.7386666666666667,0.288,-0.88,0.328,-1.0,0.09066666666666667,-0.4693333333333333,0.10933333333333334,-0.6986666666666667,0.136,-0.8373333333333334,0.16533333333333333,-0.9653333333333334,-0.010666666666666666,-0.38666666666666666,-0.037333333333333336,-0.5253333333333333,-0.037333333333333336,-0.6266666666666667,-0.02666666666666667,-0.7306666666666667
0,0.0,0.0,0.23850574712643677,-0.03735632183908046,0.41379310344827586,-0.1810344827586207,0.5344827586206896,-0.28735632183908044,0.6293103448275862,-0.33045977011494254,0.3563218390804598,-0.47701149425287354,0.4425287356321839,-0.6695402298850575,0.49712643678160917,-0.7873563218390804,0.5459770114942529,-0.8879310344827587,0.25862068965517243,-0.49712643678160917,0.3333333333333333,-0.7327586206896551,0.3936781609195402,-0.8764367816091954,0.4454022988505747,-1.0,0.15229885057471265,-0.45689655172413796,0.19827586206896552,-0.6925287356321839,0.2442528735632184,-0.8275862068965517,0.29022988505747127,-0.9540229885057471,0.040229885057471264,-0.367816091954023,0.034482758620689655,-0.5028735632183908,0.05172413793103448,-0.603448275862069,0.08045977011494253,-0.6982758620689655
1,0.0,0.0,0.1589041095890411,-0.07123287671232877,0.26301369863013696,-0.19726027397260273,0.27123287671232876,-0.29863013698630136,0.1917808219178082,-0.3452054794520548,0.1917808219178082,-0.5041095890410959,0.2547945205479452,-0.6931506849315069,0.2876712328767123,-0.8136986301369863,0.29863013698630136,-0.9205479452054794,0.0547945205479452,-0.5013698630136987,0.0136986301369863,-0.7315068493150685,0.0027397260273972603,-0.8712328767123287,-0.0273972602739726,-1.0,-0.06027397260273973,-0.4273972602739726,-0.0273972602739726,-0.5205479452054794,0.07945205479452055,-0.3972602739726027,0.13424657534246576,-0.3095890410958904,-0.1506849315068493,-0.31232876712328766,-0.0958904109589041,-0.3863013698630137,-0.0027397260273972603,-0.33424657534246577,0.049315068493150684,-0.28493150684931506
1,0.0,0.0,0.1557377049180328,-0.06830601092896176,0.2650273224043716,-0.19672131147540983,0.27049180327868855,-0.3005464480874317,0.18579234972677597,-0.3442622950819672,0.1885245901639344,-0.505464480874317,0.24863387978142076,-0.6967213114754098,0.2786885245901639,-0.8169398907103825,0.2896174863387978,-0.9262295081967213,0.05191256830601093,-0.5,0.01092896174863388,-0.73224043715847,-0.00273224043715847,-0.8715846994535519,-0.030054644808743168,-1.0,-0.06557377049180328,-0.4262295081967213,-0.0273224043715847,-0.5191256830601093,0.07650273224043716,-0.39344262295081966,0.1284153005464481,-0.30601092896174864,-0.1557377049180328,-0.31420765027322406,-0.09836065573770492,-0.3825136612021858,-0.00546448087431694,-0.3333333333333333,0.05191256830601093,-0.2896174863387978
1,0.0,0.0,0.1487603305785124,-0.07162534435261708,0.2644628099173554,-0.19559228650137742,0.2727272727272727,-0.30303030303030304,0.18732782369146006,-0.3443526170798898,0.18181818181818182,-0.5013774104683195,0.256198347107438,-0.6914600550964187,0.29201101928374656,-0.8071625344352618,0.3085399449035813,-0.9118457300275482,0.046831955922865015,-0.4986225895316804,0.005509641873278237,-0.7355371900826446,-0.005509641873278237,-0.8732782369146006,-0.03581267217630854,-1.0,-0.06887052341597796,-0.4297520661157025,-0.005509641873278237,-0.5041322314049587,0.09917355371900827,-0.3856749311294766,0.14049586776859505,-0.30303030303030304,-0.162534435261708,-0.32231404958677684,-0.09090909090909091,-0.3856749311294766,-0.0027548209366391185,-0.33608815426997246,0.04132231404958678,-0.2975206611570248
1,0.0,0.0,0.14207650273224043,-0.07103825136612021,0.2540983606557377,-0.19398907103825136,0.2650273224043716,-0.2978142076502732,0.1885245901639344,-0.3469945355191257,0.16393442622950818,-0.49453551912568305,0.23497267759562843,-0.6830601092896175,0.27595628415300544,-0.7978142076502732,0.2923497267759563,-0.9043715846994536,0.030054644808743168,-0.4918032786885246,-0.00546448087431694,-0.73224043715847,-0.01366120218579235,-0.8715846994535519,-0.040983606557377046,-1.0,-0.08469945355191257,-0.42349726775956287,-0.0273224043715847,-0.5163934426229508,0.08469945355191257,-0.3989071038251366,0.13387978142076504,-0.31420765027322406,-0.17759562841530055,-0.31420765027322406,-0.10382513661202186,-0.3879781420765027,-0.01092896174863388,-0.33879781420765026,0.03551912568306011,-0.29508196721311475
1,0.0,0.0,0.14049586776859505,-0.07162534435261708,0.256198347107438,-0.1928374655647383,0.2727272727272727,-0.29201101928374656,0.21487603305785125,-0.3526170798898072,0.1763085399449036,-0.4903581267217631,0.2396694214876033,-0.6831955922865014,0.27548209366391185,-0.8016528925619835,0.29476584022038566,-0.90633608815427,0.05234159779614325,-0.4820936639118457,0.005509641873278237,-0.7300275482093664,-0.0027548209366391185,-0.8705234159779615,-0.027548209366391185,-1.0,-0.06060606060606061,-0.4132231404958678,-0.008264462809917356,-0.5179063360881543,0.1046831955922865,-0.4049586776859504,0.15426997245179064,-0.32231404958677684,-0.15426997245179064,-0.30578512396694213,-0.09090909090909091,-0.3939393939393939,0.005509641873278237,-0.3443526170798898,0.05234159779614325,-0.29201101928374656
1,0.0,0.0,0.14713896457765668,-0.0653950953678474,0.2615803814713896,-0.18256130790190736,0.2997275204359673,-0.2779291553133515,0.26975476839237056,-0.35149863760217986,0.18256130790190736,-0.4822888283378747,0.23978201634877383,-0.670299727520436,0.2779291553133515,-0.782016348773842,0.2997275204359673,-0.8828337874659401,0.05994550408719346,-0.47956403269754766,0.01634877384196185,-0.7302452316076294,0.013623978201634877,-0.8719346049046321,-0.008174386920980926,-1.0,-0.04632152588555858,-0.4141689373297003,0.008174386920980926,-0.5177111716621253,0.12806539509536785,-0.40599455040871935,0.1880108991825613,-0.3188010899182561,-0.1362397820163488,-0.3133514986376022,-0.0653950953678474,-0.3923705722070845,0.035422343324250684,-0.3405994550408719,0.08719346049046321,-0.29155313351498635
1,0.0,0.0,0.1487603305785124,-0.06611570247933884,0.2727272727272727,-0.18181818181818182,0.32231404958677684,-0.2837465564738292,0.2699724517906336,-0.3526170798898072,0.19559228650137742,-0.4903581267217631,0.26170798898071623,-0.6887052341597796,0.3002754820936639,-0.8016528925619835,0.325068870523416,-0.9035812672176309,0.07713498622589532,-0.4931129476584022,0.046831955922865015,-0.7355371900826446,0.049586776859504134,-0.8760330578512396,0.03581267217630854,-1.0,-0.030303030303030304,-0.4325068870523416,0.03581267217630854,-0.5234159779614325,0.15426997245179064,-0.41597796143250687,0.21487603305785125,-0.3333333333333333,-0.1184573002754821,-0.3333333333333333,-0.03856749311294766,-0.4022038567493113,0.05785123966942149,-0.3526170798898072,0.11294765840220386,-0.3002754820936639
1,0.0,0.0,0.15846994535519127,-0.07377049180327869,0.2786885245901639,-0.18032786885245902,0.3251366120218579,-0.27595628415300544,0.2814207650273224,-0.3360655737704918,0.19398907103825136,-0.4918032786885246,0.25956284153005466,-0.6830601092896175,0.29508196721311475,-0.7978142076502732,0.31420765027322406,-0.8989071038251366,0.07103825136612021,-0.49453551912568305,0.04371584699453552,-0.73224043715847,0.04644808743169399,-0.8797814207650273,0.03551912568306011,-1.0,-0.03551912568306011,-0.43169398907103823,0.03278688524590164,-0.5163934426229508,0.16120218579234974,-0.42349726775956287,0.23497267759562843,-0.34153005464480873,-0.11475409836065574,-0.3333333333333333,-0.02459016393442623,-0.39344262295081966,0.07377049180327869,-0.3551912568306011,0.1366120218579235,-0.3087431693989071
1,0.0,0.0,0.1620879120879121,-0.06868131868131869,0.29945054945054944,-0.17857142857142858,0.3516483516483517,-0.27197802197802196,0.2967032967032967,-0.3324175824175824,0.2087912087912088,-0.5054945054945055,0.27472527472527475,-0.6868131868131868,0.30494505494505497,-0.7994505494505495,0.3241758241758242,-0.8983516483516484,0.07967032967032966,-0.5027472527472527,0.054945054945054944,-0.728021978021978,0.057692307692307696,-0.8736263736263736,0.0521978021978022,-1.0,-0.03021978021978022,-0.4368131868131868,0.06318681318681318,-0.5137362637362637,0.19505494505494506,-0.4065934065934066,0.27197802197802196,-0.32142857142857145,-0.11263736263736264,-0.32967032967032966,-0.01098901098901099,-0.3873626373626374,0.09340659340659341,-0.3434065934065934,0.15934065934065933,-0.2967032967032967
1,0.0,0.0,0.17032967032967034,-0.06868131868131869,0.3021978021978022,-0.1813186813186813,0.36813186813186816,-0.28296703296703296,0.3516483516483517,-0.3489010989010989,0.21703296703296704,-0.4945054945054945,0.28846153846153844,-0.6813186813186813,0.33516483516483514,-0.7967032967032966,0.36538461538461536,-0.8983516483516484,0.0989010989010989,-0.5,0.09065934065934066,-0.7252747252747253,0.0989010989010989,-0.8736263736263736,0.09340659340659341,-1.0,-0.0027472527472527475,-0.44505494505494503,0.09615384615384616,-0.510989010989011,0.21978021978021978,-0.42032967032967034,0.28846153846153844,-0.34065934065934067,-0.08241758241758242,-0.34615384615384615,0.02197802197802198,-0.3983516483516483,0.12087912087912088,-0.3543956043956044,0.18681318681318682,-0.30494505494505497
1,0.0,0.0,0.1774193548387097,-0.06720430107526881,0.3172043010752688,-0.1693548387096774,0.3951612903225806,-0.26344086021505375,0.3844086021505376,-0.34946236559139787,0.2553763440860215,-0.47580645161290325,0.3172043010752688,-0.6612903225806451,0.3467741935483871,-0.7768817204301075,0.3682795698924731,-0.8817204301075269,0.13440860215053763,-0.4946236559139785,0.12634408602150538,-0.7204301075268817,0.13440860215053763,-0.8736559139784946,0.13440860215053763,-1.0,0.026881720430107527,-0.4489247311827957,0.1478494623655914,-0.4946236559139785,0.2661290322580645,-0.4032258064516129,0.3387096774193548,-0.3279569892473118,-0.051075268817204304,-0.3602150537634409,0.06182795698924731,-0.3870967741935484,0.15591397849462366,-0.34408602150537637,0.22043010752688172,-0.3010752688172043
1,0.0,0.0,0.17297297297297298,-0.07027027027027027,0.3081081081081081,-0.1810810810810811,0.3837837837837838,-0.2756756756756757,0.3675675675675676,-0.34864864864864864,0.23783783783783785,-0.4864864864864865,0.3054054054054054,-0.6783783783783783,0.34054054054054056,-0.7945945945945946,0.36486486486486486,-0.8972972972972973,0.11351351351351352,-0.5,0.12432432432432433,-0.7297297297297297,0.13783783783783785,-0.8756756756756757,0.13243243243243244,-1.0,0.002702702702702703,-0.44594594594594594,0.13243243243243244,-0.5027027027027027,0.25405405405405407,-0.4,0.3216216216216216,-0.3162162162162162,-0.07567567567567568,-0.34864864864864864,0.051351351351351354,-0.3891891891891892,0.15135135135135136,-0.35135135135135137,0.21621621621621623,-0.31351351351351353
1,0.0,0.0,0.18206521739130435,-0.06793478260869565,0.3233695652173913,-0.1766304347826087,0.39945652173913043,-0.26902173913043476,0.38858695652173914,-0.3423913043478261,0.25,-0.48641304347826086,0.3233695652173913,-0.6793478260869565,0.36141304347826086,-0.7934782608695652,0.38315217391304346,-0.8994565217391305,0.13043478260869565,-0.5,0.14402173913043478,-0.7309782608695652,0.16032608695652173,-0.875,0.15760869565217392,-1.0,0.024456521739130436,-0.44565217391304346,0.15760869565217392,-0.5054347826086957,0.27717391304347827,-0.3967391304347826,0.33967391304347827,-0.3125,-0.051630434782608696,-0.35054347826086957,0.07336956521739131,-0.39402173913043476,0.17119565217391305,-0.35597826086956524,0.23369565217391305,-0.3125
1,0.0,0.0,0.1863013698630137,-0.06301369863013699,0.336986301369863,-0.16986301369863013,0.4273972602739726,-0.2547945205479452,0.4136986301369863,-0.3287671232876712,0.2602739726027397,-0.4849315068493151,0.3452054794520548,-0.6794520547945205,0.38904109589041097,-0.7972602739726027,0.41643835616438357,-0.9013698630136986,0.136986301369863,-0.4986301369863014,0.16164383561643836,-0.7342465753424657,0.18904109589041096,-0.8794520547945206,0.19726027397260273,-1.0,0.03287671232876712,-0.4438356164383562,0.18904109589041096,-0.4958904109589041,0.3041095890410959,-0.37534246575342467,0.36164383561643837,-0.2876712328767123,-0.03561643835616438,-0.3452054794520548,0.10684931506849316,-0.37534246575342467,0.2054794520547945,-0.336986301369863,0.2684931506849315,-0.2958904109589041
1,0.0,0.0,0.1978021978021978,-0.057692307692307696,0.34615384615384615,-0.1565934065934066,0.4368131868131868,-0.23901098901098902,0.46703296703296704,-0.3159340659340659,0.28846153846153844,-0.4725274725274725,0.38461538461538464,-0.6675824175824175,0.43131868131868134,-0.7857142857142857,0.46153846153846156,-0.8928571428571429,0.16483516483516483,-0.4945054945054945,0.2032967032967033,-0.7307692307692307,0.2445054945054945,-0.8791208791208791,0.2664835164835165,-1.0,0.06043956043956044,-0.4478021978021978,0.24175824175824176,-0.47802197802197804,0.3489010989010989,-0.3598901098901099,0.3983516483516483,-0.27197802197802196,-0.005494505494505495,-0.3543956043956044,0.1620879120879121,-0.3489010989010989,0.25824175824175827,-0.3021978021978022,0.3159340659340659,-0.25824175824175827
1,0.0,0.0,0.22857142857142856,-0.04857142857142857,0.38857142857142857,-0.14285714285714285,0.49714285714285716,-0.21428571428571427,0.5257142857142857,-0.2857142857142857,0.33714285714285713,-0.4685714285714286,0.44571428571428573,-0.6542857142857142,0.5,-0.7742857142857142,0.54,-0.8828571428571429,0.21428571428571427,-0.4942857142857143,0.27714285714285714,-0.7228571428571429,0.3342857142857143,-0.8742857142857143,0.37142857142857144,-1.0,0.10571428571428572,-0.44857142857142857,0.3028571428571429,-0.46,0.4085714285714286,-0.3342857142857143,0.4514285714285714,-0.24571428571428572,0.04,-0.3485714285714286,0.22,-0.34,0.32285714285714284,-0.2742857142857143,0.37714285714285717,-0.22285714285714286
1,0.0,0.0,0.2795031055900621,-0.040372670807453416,0.4503105590062112,-0.11801242236024845,0.577639751552795,-0.17391304347826086,0.6211180124223602,-0.2422360248447205,0.40993788819875776,-0.46273291925465837,0.531055900621118,-0.6459627329192547,0.5962732919254659,-0.7763975155279503,0.6428571428571429,-0.9006211180124224,0.2826086956521739,-0.484472049689441,0.37888198757763975,-0.6956521739130435,0.4440993788819876,-0.8571428571428571,0.48757763975155277,-1.0,0.16770186335403728,-0.42857142857142855,0.39751552795031053,-0.42857142857142855,0.5062111801242236,-0.30124223602484473,0.546583850931677,-0.21739130434782608,0.09316770186335403,-0.3198757763975155,0.2857142857142857,-0.2919254658385093,0.38509316770186336,-0.22981366459627328,0.4409937888198758,-0.18633540372670807
1,0.0,0.0,0.2993421052631579,-0.039473684210526314,0.48026315789473684,-0.11842105263157894,0.6052631578947368,-0.17105263157894737,0.6546052631578947,-0.2236842105263158,0.4342105263157895,-0.48026315789473684,0.5657894736842105,-0.6578947368421053,0.6348684210526315,-0.7960526315789473,0.6907894736842105,-0.9210526315789473,0.2993421052631579,-0.5,0.40789473684210525,-0.7006578947368421,0.48355263157894735,-0.8618421052631579,0.5296052631578947,-1.0,0.18421052631578946,-0.4375,0.42105263157894735,-0.4342105263157895,0.5328947368421053,-0.3059210526315789,0.5723684210526315,-0.2138157894736842,0.10526315789473684,-0.3157894736842105,0.3223684210526316,-0.29276315789473684,0.41776315789473684,-0.23355263157894737,0.46381578947368424,-0.19078947368421054
1,0.0,0.0,0.3103448275862069,-0.041379310344827586,0.49310344827586206,-0.1206896551724138,0.6206896551724138,-0.1793103448275862,0.6551724137931034,-0.23448275862068965,0.4379310344827586,-0.4862068965517241,0.5724137931034483,-0.6724137931034483,0.6448275862068965,-0.8068965517241379,0.7068965517241379,-0.9344827586206896,0.29310344827586204,-0.49310344827586206,0.3896551724137931,-0.7068965517241379,0.46206896551724136,-0.8620689655172413,0.5137931034482759,-1.0,0.16896551724137931,-0.4241379310344828,0.3758620689655172,-0.4517241379310345,0.5137931034482759,-0.3275862068965517,0.5896551724137931,-0.22413793103448276,0.08275862068965517,-0.296551724137931,0.2689655172413793,-0.296551724137931,0.38620689655172413,-0.2413793103448276,0.46551724137931033,-0.18620689655172415
1,0.0,0.0,0.3024054982817869,-0.05154639175257732,0.4845360824742268,-0.14432989690721648,0.6082474226804123,-0.21305841924398625,0.6219931271477663,-0.2646048109965636,0.41924398625429554,-0.5017182130584192,0.5395189003436426,-0.6838487972508591,0.6082474226804123,-0.8144329896907216,0.6597938144329897,-0.9347079037800687,0.281786941580756,-0.5154639175257731,0.3642611683848797,-0.7250859106529209,0.42955326460481097,-0.872852233676976,0.4742268041237113,-1.0,0.16494845360824742,-0.45017182130584193,0.37800687285223367,-0.46048109965635736,0.49828178694158076,-0.33676975945017185,0.5498281786941581,-0.24742268041237114,0.0859106529209622,-0.32989690721649484,0.2852233676975945,-0.30927835051546393,0.38831615120274915,-0.24742268041237114,0.4536082474226804,-0.19931271477663232
1,0.0,0.0,0.28378378378378377,-0.05067567567567568,0.4560810810810811,-0.14189189189189189,0.5709459459459459,-0.21283783783783783,0.5844594594594594,-0.28378378378378377,0.39864864864864863,-0.49324324324324326,0.5236486486486487,-0.6824324324324325,0.5945945945945946,-0.8108108108108109,0.6486486486486487,-0.9256756756756757,0.26013513513513514,-0.5067567567567568,0.3310810810810811,-0.7297297297297297,0.3885135135135135,-0.8783783783783784,0.42905405405405406,-1.0,0.13851351351351351,-0.44594594594594594,0.33783783783783783,-0.46621621621621623,0.4594594594594595,-0.34797297297297297,0.5168918918918919,-0.2533783783783784,0.057432432432432436,-0.3277027027027027,0.24662162162162163,-0.32094594594594594,0.3581081081081081,-0.25675675675675674,0.42905405405405406,-0.19932432432432431
1,0.0,0.0,0.2696245733788396,-0.05802047781569966,0.4334470989761092,-0.15358361774744028,0.5358361774744027,-0.2354948805460751,0.5358361774744027,-0.3174061433447099,0.37542662116040953,-0.5051194539249146,0.5051194539249146,-0.6996587030716723,0.5699658703071673,-0.8293515358361775,0.621160409556314,-0.9488054607508533,0.22866894197952217,-0.5221843003412969,0.27303754266211605,-0.7406143344709898,0.32081911262798635,-0.8805460750853242,0.3583617747440273,-1.0,0.10238907849829351,-0.46075085324232085,0.27986348122866894,-0.4948805460750853,0.39590443686006827,-0.378839590443686,0.4539249146757679,-0.2935153583617747,0.020477815699658702,-0.34812286689419797,0.20136518771331058,-0.3447098976109215,0.310580204778157,-0.2901023890784983,0.3822525597269625,-0.24914675767918087
1,0.0,0.0,0.25,-0.06333333333333334,0.41333333333333333,-0.15666666666666668,0.5,-0.24,0.46,-0.29333333333333333,0.35,-0.5,0.45666666666666667,-0.69,0.5166666666666667,-0.8133333333333334,0.56,-0.9266666666666666,0.20333333333333334,-0.5066666666666667,0.24666666666666667,-0.7233333333333334,0.28,-0.87,0.29,-1.0,0.07333333333333333,-0.44,0.21666666666666667,-0.49,0.32666666666666666,-0.37666666666666665,0.38,-0.29333333333333333,-0.02,-0.33,0.12333333333333334,-0.3433333333333333,0.23333333333333334,-0.29333333333333333,0.30333333333333334,-0.24666666666666667
1,0.0,0.0,0.21476510067114093,-0.06375838926174497,0.37583892617449666,-0.17114093959731544,0.436241610738255,-0.2651006711409396,0.348993288590604,-0.2986577181208054,0.3187919463087248,-0.5,0.40939597315436244,-0.7080536912751678,0.4563758389261745,-0.8322147651006712,0.4865771812080537,-0.9395973154362416,0.17114093959731544,-0.5201342281879194,0.16778523489932887,-0.7449664429530202,0.18120805369127516,-0.8825503355704698,0.18456375838926176,-1.0,0.03691275167785235,-0.46308724832214765,0.15771812080536912,-0.47315436241610737,0.24496644295302014,-0.3624161073825503,0.2785234899328859,-0.2953020134228188,-0.06375838926174497,-0.35570469798657717,0.07046979865771812,-0.34563758389261745,0.174496644295302,-0.29194630872483224,0.23825503355704697,-0.2483221476510067
1,0.0,0.0,0.1728395061728395,-0.06481481481481481,0.28703703703703703,-0.16666666666666666,0.2808641975308642,-0.24382716049382716,0.19444444444444445,-0.3055555555555556,0.22839506172839505,-0.5030864197530864,0.30246913580246915,-0.6882716049382716,0.35185185185185186,-0.808641975308642,0.37962962962962965,-0.9166666666666666,0.07716049382716049,-0.5030864197530864,0.046296296296296294,-0.7283950617283951,0.033950617283950615,-0.8672839506172839,0.006172839506172839,-1.0,-0.05555555555555555,-0.42901234567901236,-0.040123456790123455,-0.5,0.05864197530864197,-0.37037037037037035,0.12037037037037036,-0.2839506172839506,-0.16666666666666666,-0.3117283950617284,-0.12345679012345678,-0.35802469135802467,-0.033950617283950615,-0.2839506172839506,0.021604938271604937,-0.2345679012345679
1,0.0,0.0,0.1424731182795699,-0.06989247311827956,0.24193548387096775,-0.19086021505376344,0.21236559139784947,-0.28225806451612906,0.12096774193548387,-0.34408602150537637,0.19086021505376344,-0.5,0.25806451612903225,-0.6908602150537635,0.29838709677419356,-0.8091397849462365,0.31989247311827956,-0.9166666666666666,0.04032258064516129,-0.49731182795698925,-0.002688172043010753,-0.7258064516129032,-0.024193548387096774,-0.8682795698924731,-0.056451612903225805,-1.0,-0.08870967741935484,-0.42473118279569894,-0.0967741935483871,-0.5188172043010753,-0.005376344086021506,-0.3870967741935484,0.0456989247311828,-0.2956989247311828,-0.20161290322580644,-0.30913978494623656,-0.18010752688172044,-0.3844086021505376,-0.10483870967741936,-0.31451612903225806,-0.06451612903225806,-0.26344086021505375
1,0.0,0.0,0.1411192214111922,-0.0681265206812652,0.2384428223844282,-0.1873479318734793,0.19708029197080293,-0.26763990267639903,0.0948905109489051,-0.31386861313868614,0.1897810218978102,-0.49878345498783455,0.25547445255474455,-0.6861313868613139,0.291970802919708,-0.8077858880778589,0.30900243309002434,-0.9124087591240876,0.038929440389294405,-0.49635036496350365,-0.009732360097323601,-0.7226277372262774,-0.0364963503649635,-0.8637469586374696,-0.07542579075425791,-1.0,-0.08759124087591241,-0.4233576642335766,-0.11192214111922141,-0.5012165450121655,-0.021897810218978103,-0.36496350364963503,0.031630170316301706,-0.2725060827250608,-0.19464720194647203,-0.30900243309002434,-0.18248175182481752,-0.36496350364963503,-0.10462287104622871,-0.2895377128953771,-0.0535279805352798,-0.2360097323600973
1,0.0,0.0,0.14285714285714285,-0.06349206349206349,0.22675736961451248,-0.18594104308390022,0.1655328798185941,-0.2766439909297052,0.047619047619047616,-0.3197278911564626,0.17006802721088435,-0.5056689342403629,0.22448979591836735,-0.7074829931972789,0.25170068027210885,-0.8344671201814059,0.272108843537415,-0.9433106575963719,0.015873015873015872,-0.5079365079365079,-0.045351473922902494,-0.7256235827664399,-0.09070294784580499,-0.8707482993197279,-0.1292517006802721,-1.0,-0.11564625850340136,-0.4399092970521542,-0.14285714285714285,-0.4965986394557823,-0.06802721088435375,-0.36507936507936506,-0.015873015873015872,-0.2653061224489796,-0.22448979591836735,-0.3310657596371882,-0.23582766439909297,-0.3786848072562358,-0.17233560090702948,-0.31519274376417233,-0.12244897959183673,-0.2562358276643991
1,0.0,0.0,0.14345114345114346,-0.07276507276507277,0.23492723492723494,-0.1995841995841996,0.15592515592515593,-0.28482328482328484,0.029106029106029108,-0.32224532224532226,0.14345114345114346,-0.5072765072765073,0.18087318087318088,-0.7006237006237006,0.19750519750519752,-0.8316008316008316,0.2079002079002079,-0.9438669438669439,-0.010395010395010396,-0.5051975051975052,-0.08523908523908524,-0.7234927234927235,-0.14137214137214138,-0.8690228690228691,-0.18711018711018712,-1.0,-0.1392931392931393,-0.4407484407484408,-0.16216216216216217,-0.5114345114345115,-0.08731808731808732,-0.367983367983368,-0.0395010395010395,-0.2598752598752599,-0.24532224532224534,-0.340956340956341,-0.25571725571725573,-0.41995841995842,-0.18295218295218296,-0.3367983367983368,-0.13305613305613306,-0.2577962577962578
1,0.0,0.0,0.1396761133603239,-0.09109311740890688,0.2145748987854251,-0.2165991902834008,0.1659919028340081,-0.2854251012145749,0.058704453441295545,-0.2975708502024291,0.12550607287449392,-0.5020242914979757,0.1700404858299595,-0.7004048582995951,0.19230769230769232,-0.8218623481781376,0.20040485829959515,-0.9311740890688259,-0.020242914979757085,-0.49190283400809715,-0.09919028340080972,-0.7226720647773279,-0.14777327935222673,-0.868421052631579,-0.19838056680161945,-1.0,-0.13360323886639677,-0.4068825910931174,-0.17408906882591094,-0.5,-0.07692307692307693,-0.3684210526315789,-0.012145748987854251,-0.27530364372469635,-0.22267206477732793,-0.2793522267206478,-0.23481781376518218,-0.34210526315789475,-0.15384615384615385,-0.2813765182186235,-0.0931174089068826,-0.23279352226720648
1,0.0,0.0,0.15176715176715178,-0.07484407484407485,0.25571725571725573,-0.1995841995841996,0.21413721413721415,-0.2785862785862786,0.11642411642411643,-0.30145530145530147,0.1704781704781705,-0.49064449064449067,0.21413721413721415,-0.6860706860706861,0.23492723492723494,-0.8087318087318087,0.24116424116424118,-0.920997920997921,0.02286902286902287,-0.48232848232848236,-0.04781704781704782,-0.7214137214137214,-0.08523908523908524,-0.8627858627858628,-0.13097713097713098,-1.0,-0.09563409563409564,-0.40124740124740127,-0.09355509355509356,-0.49064449064449067,0.002079002079002079,-0.36174636174636177,0.0498960498960499,-0.27442827442827444,-0.19126819126819128,-0.28274428274428276,-0.16216216216216217,-0.34303534303534305,-0.079002079002079,-0.27442827442827444,-0.033264033264033266,-0.23076923076923078
1,0.0,0.0,0.16041666666666668,-0.07708333333333334,0.26458333333333334,-0.19375,0.23541666666666666,-0.26875,0.15625,-0.30833333333333335,0.175,-0.49583333333333335,0.21875,-0.6895833333333333,0.23958333333333334,-0.8145833333333333,0.25,-0.9291666666666667,0.03333333333333333,-0.48333333333333334,-0.03333333333333333,-0.71875,-0.06666666666666667,-0.8666666666666667,-0.10416666666666667,-1.0,-0.08541666666666667,-0.40208333333333335,-0.07291666666666667,-0.4895833333333333,0.027083333333333334,-0.36875,0.08333333333333333,-0.27708333333333335,-0.18125,-0.2791666666666667,-0.16041666666666668,-0.35833333333333334,-0.075,-0.3,-0.01875,-0.24583333333333332
1,0.0,0.0,0.15176715176715178,-0.07276507276507277,0.2681912681912682,-0.17255717255717257,0.30561330561330563,-0.25571725571725573,0.23076923076923078,-0.30353430353430355,0.19126819126819128,-0.49480249480249483,0.24324324324324326,-0.683991683991684,0.2785862785862786,-0.7962577962577962,0.30145530145530147,-0.9022869022869023,0.05197505197505198,-0.49272349272349275,0.0,-0.7255717255717256,-0.02079002079002079,-0.8669438669438669,-0.056133056133056136,-1.0,-0.06652806652806653,-0.41372141372141374,-0.014553014553014554,-0.4677754677754678,0.08316008316008316,-0.35135135135135137,0.12681912681912683,-0.2785862785862786,-0.158004158004158,-0.29313929313929316,-0.0997920997920998,-0.3367983367983368,-0.006237006237006237,-0.27442827442827444,0.04365904365904366,-0.23076923076923078
1,0.0,0.0,0.17758985200845667,-0.0613107822410148,0.3171247357293869,-0.1522198731501057,0.37420718816067655,-0.23255813953488372,0.3107822410147992,-0.2769556025369979,0.23890063424947147,-0.48625792811839325,0.3044397463002114,-0.6849894291754757,0.34460887949260044,-0.8076109936575053,0.3699788583509514,-0.9217758985200846,0.08879492600422834,-0.4904862579281184,0.048625792811839326,-0.7230443974630021,0.04439746300211417,-0.86892177589852,0.035940803382663845,-1.0,-0.03805496828752643,-0.42283298097251587,0.0613107822410148,-0.4587737843551797,0.17758985200845667,-0.346723044397463,0.2346723044397463,-0.27061310782241016,-0.12684989429175475,-0.3107822410147992,-0.02959830866807611,-0.3403805496828753,0.07610993657505286,-0.27906976744186046,0.1416490486257928,-0.22410147991543342
1,0.0,0.0,0.17038539553752535,-0.05070993914807302,0.30425963488843816,-0.13184584178498987,0.3671399594320487,-0.20892494929006086,0.3265720081135903,-0.24543610547667344,0.23935091277890466,-0.4543610547667343,0.3103448275862069,-0.6490872210953347,0.35496957403651114,-0.7667342799188641,0.38742393509127787,-0.8782961460446247,0.0973630831643002,-0.4665314401622718,0.08316430020283976,-0.7038539553752535,0.08316430020283976,-0.8600405679513184,0.07099391480730223,-1.0,-0.02231237322515213,-0.40365111561866124,0.09533468559837728,-0.4340770791075051,0.20081135902636918,-0.3204868154158215,0.24949290060851928,-0.23732251521298176,-0.10344827586206896,-0.29817444219066935,0.02434077079107505,-0.3022312373225152,0.12373225152129817,-0.24543610547667344,0.17647058823529413,-0.20081135902636918
1,0.0,0.0,0.1953781512605042,-0.052521008403361345,0.3382352941176471,-0.13025210084033614,0.42016806722689076,-0.19957983193277312,0.40336134453781514,-0.2605042016806723,0.2857142857142857,-0.4726890756302521,0.3802521008403361,-0.6701680672268907,0.42857142857142855,-0.7941176470588235,0.46008403361344535,-0.9054621848739496,0.13865546218487396,-0.48739495798319327,0.14495798319327732,-0.7121848739495799,0.15756302521008403,-0.8676470588235294,0.15966386554621848,-1.0,0.014705882352941176,-0.4264705882352941,0.15756302521008403,-0.4474789915966387,0.27310924369747897,-0.32983193277310924,0.33403361344537813,-0.24369747899159663,-0.06512605042016807,-0.31932773109243695,0.07773109243697479,-0.3130252100840336,0.18067226890756302,-0.2542016806722689,0.24789915966386555,-0.20588235294117646
1,0.0,0.0,0.22340425531914893,-0.04893617021276596,0.37446808510638296,-0.1276595744680851,0.4702127659574468,-0.1851063829787234,0.4595744680851064,-0.22127659574468084,0.3382978723404255,-0.46170212765957447,0.44042553191489364,-0.6595744680851063,0.4978723404255319,-0.7808510638297872,0.5361702127659574,-0.8893617021276595,0.19148936170212766,-0.4808510638297872,0.21063829787234042,-0.7085106382978723,0.23617021276595745,-0.8638297872340426,0.24893617021276596,-1.0,0.07021276595744681,-0.425531914893617,0.2404255319148936,-0.40638297872340423,0.35106382978723405,-0.27872340425531916,0.4021276595744681,-0.19574468085106383,-0.00425531914893617,-0.32127659574468087,0.16808510638297872,-0.2702127659574468,0.2553191489361702,-0.20212765957446807,0.2978723404255319,-0.1595744680851064
1,0.0,0.0,0.24242424242424243,-0.053613053613053616,0.4125874125874126,-0.11888111888111888,0.5337995337995338,-0.1655011655011655,0.5314685314685315,-0.1888111888111888,0.3986013986013986,-0.46386946386946387,0.5268065268065268,-0.662004662004662,0.5944055944055944,-0.7855477855477856,0.6480186480186481,-0.8974358974358975,0.2494172494172494,-0.49184149184149184,0.30303030303030304,-0.703962703962704,0.34965034965034963,-0.8554778554778555,0.3706293706293706,-1.0,0.12121212121212122,-0.4358974358974359,0.32867132867132864,-0.38694638694638694,0.42424242424242425,-0.24708624708624707,0.4405594405594406,-0.16783216783216784,0.037296037296037296,-0.32400932400932403,0.24242424242424243,-0.24475524475524477,0.3146853146853147,-0.17482517482517482,0.317016317016317,-0.1445221445221445
1,0.0,0.0,0.31129476584022037,-0.05509641873278237,0.5013774104683195,-0.11294765840220386,0.6336088154269972,-0.14049586776859505,0.6308539944903582,-0.1487603305785124,0.48484848484848486,-0.47107438016528924,0.6308539944903582,-0.6804407713498623,0.7079889807162535,-0.8236914600550964,0.768595041322314,-0.9476584022038568,0.31955922865013775,-0.4986225895316804,0.4022038567493113,-0.6914600550964187,0.4490358126721763,-0.8512396694214877,0.4765840220385675,-1.0,0.1790633608815427,-0.43526170798898073,0.41597796143250687,-0.3415977961432507,0.509641873278237,-0.21212121212121213,0.5289256198347108,-0.1487603305785124,0.08539944903581267,-0.30303030303030304,0.3085399449035813,-0.19008264462809918,0.39944903581267216,-0.1322314049586777,0.42699724517906334,-0.12121212121212122
1,0.0,0.0,0.2964071856287425,-0.06287425149700598,0.4880239520958084,-0.1347305389221557,0.625748502994012,-0.15868263473053892,0.6197604790419161,-0.15868263473053892,0.47305389221556887,-0.5,0.6227544910179641,-0.7095808383233533,0.7035928143712575,-0.844311377245509,0.7664670658682635,-0.9580838323353293,0.3023952095808383,-0.5239520958083832,0.36826347305389223,-0.7245508982035929,0.4161676646706587,-0.8772455089820359,0.44011976047904194,-1.0,0.15269461077844312,-0.4550898203592814,0.3652694610778443,-0.37425149700598803,0.4880239520958084,-0.23652694610778444,0.5389221556886228,-0.15269461077844312,0.05389221556886228,-0.3203592814371258,0.2634730538922156,-0.2215568862275449,0.36227544910179643,-0.15269461077844312,0.4041916167664671,-0.11676646706586827
1,0.0,0.0,0.31475409836065577,-0.18360655737704917,0.5377049180327869,-0.23278688524590163,0.6754098360655738,-0.21967213114754097,0.7639344262295082,-0.18032786885245902,0.4491803278688525,-0.4918032786885246,0.6065573770491803,-0.7081967213114754,0.6983606557377049,-0.8721311475409836,0.7508196721311475,-1.0,0.3442622950819672,-0.43278688524590164,0.4524590163934426,-0.6262295081967213,0.4852459016393443,-0.7868852459016393,0.5049180327868853,-0.9311475409836065,0.24262295081967214,-0.30491803278688523,0.5737704918032787,-0.2721311475409836,0.6032786885245902,-0.19344262295081968,0.5606557377049181,-0.18688524590163935,0.20655737704918034,-0.14098360655737704,0.47540983606557374,-0.09836065573770492,0.4786885245901639,-0.05901639344262295,0.4163934426229508,-0.07868852459016394
1,0.0,0.0,0.022222222222222223,-0.2984126984126984,0.17142857142857143,-0.47619047619047616,0.34285714285714286,-0.5206349206349207,0.47619047619047616,-0.4984126984126984,0.25396825396825395,-0.526984126984127,0.41904761904761906,-0.7523809523809524,0.5142857142857142,-0.8984126984126984,0.5968253968253968,-1.0,0.3746031746031746,-0.4126984126984127,0.6507936507936508,-0.580952380952381,0.8158730158730159,-0.6666666666666666,0.9333333333333333,-0.7174603174603175,0.46984126984126984,-0.273015873015873,0.6984126984126984,-0.41904761904761906,0.6349206349206349,-0.4444444444444444,0.5555555555555556,-0.43174603174603177,0.5174603174603175,-0.1365079365079365,0.6317460317460317,-0.2634920634920635,0.580952380952381,-0.30158730158730157,0.5238095238095238,-0.2920634920634921
1,0.0,0.0,-0.056338028169014086,-0.2619718309859155,0.03380281690140845,-0.4422535211267606,0.17464788732394365,-0.523943661971831,0.28732394366197184,-0.5267605633802817,0.12394366197183099,-0.5154929577464789,0.18591549295774648,-0.7549295774647887,0.22253521126760564,-0.8901408450704226,0.2591549295774648,-1.0,0.24507042253521127,-0.4535211267605634,0.428169014084507,-0.6619718309859155,0.5380281690140845,-0.7718309859154929,0.6253521126760564,-0.8422535211267606,0.3352112676056338,-0.35774647887323946,0.4422535211267606,-0.5126760563380282,0.36619718309859156,-0.5070422535211268,0.30140845070422534,-0.4591549295774648,0.38309859154929576,-0.2507042253521127,0.4253521126760563,-0.37746478873239436,0.36619718309859156,-0.38309859154929576,0.3267605633802817,-0.3408450704225352
1,0.0,0.0,-0.045845272206303724,-0.2664756446991404,0.04871060171919771,-0.4469914040114613,0.1977077363896848,-0.5300859598853869,0.3123209169054441,-0.5300859598853869,0.1346704871060172,-0.5186246418338109,0.20916905444126074,-0.7564469914040115,0.2492836676217765,-0.8911174785100286,0.28939828080229224,-1.0,0.25787965616045844,-0.4584527220630373,0.45272206303724927,-0.670487106017192,0.5644699140401146,-0.7851002865329513,0.6561604584527221,-0.8567335243553008,0.3467048710601719,-0.36103151862464183,0.47277936962750716,-0.5300859598853869,0.3954154727793696,-0.5214899713467048,0.32664756446991405,-0.47564469914040114,0.40114613180515757,-0.2521489971346705,0.4584527220630373,-0.39255014326647564,0.3954154727793696,-0.3982808022922636,0.3495702005730659,-0.35816618911174786
1,0.0,0.0,-0.04871060171919771,-0.2636103151862464,0.045845272206303724,-0.44126074498567336,0.18911174785100288,-0.5243553008595988,0.30659025787965616,-0.5300859598853869,0.12034383954154727,-0.5243553008595988,0.19484240687679083,-0.7564469914040115,0.24068767908309455,-0.8939828080229226,0.2836676217765043,-1.0,0.24068767908309455,-0.46131805157593125,0.4383954154727794,-0.673352435530086,0.5501432664756447,-0.7822349570200573,0.6446991404011462,-0.8510028653295129,0.332378223495702,-0.3667621776504298,0.4813753581661891,-0.5243553008595988,0.4040114613180516,-0.5214899713467048,0.33810888252148996,-0.4785100286532951,0.39255014326647564,-0.25787965616045844,0.45558739255014324,-0.3868194842406877,0.3954154727793696,-0.39255014326647564,0.3524355300859599,-0.3524355300859599
1,0.0,0.0,-0.05099150141643059,-0.2577903682719547,0.042492917847025496,-0.43909348441926344,0.16147308781869688,-0.5354107648725213,0.2747875354107649,-0.5580736543909348,0.10764872521246459,-0.5354107648725213,0.18413597733711048,-0.7620396600566572,0.22662889518413598,-0.8951841359773371,0.26912181303116145,-1.0,0.21813031161473087,-0.4702549575070821,0.41359773371104813,-0.6742209631728046,0.5297450424929179,-0.7790368271954674,0.6175637393767706,-0.8470254957507082,0.31444759206798867,-0.37960339943342775,0.4447592067988669,-0.5240793201133145,0.38243626062322944,-0.5070821529745042,0.32294617563739375,-0.46175637393767704,0.37677053824362605,-0.2747875354107649,0.43909348441926344,-0.3909348441926346,0.38526912181303113,-0.38526912181303113,0.34844192634560905,-0.34277620396600567
